name,url
NIKE SB DUNK LOW PRO 『ELEPHANT』,https://mortartokyo.thebase.in/items/35781376
NIKE SB  U NK FISHERMAN BEANIE CPT,https://mortartokyo.thebase.in/items/36505374
NIKE SB DUNK HIGH PRO QS 『CONCEPTS』,https://mortartokyo.thebase.in/items/36503668
NIKE SB  AS M NK SB QS GFX TOP,https://mortartokyo.thebase.in/items/36505277
NIKE SB AS M NK SB JACKET QS,https://mortartokyo.thebase.in/items/36504560
NIKE SB DUNK LOW PRO『WHEAT』,https://mortartokyo.thebase.in/items/36636880
NIKE SB DUNK LOW PRO ISO『NAVY』,https://mortartokyo.thebase.in/items/36711617
NIKE SB DUNK HIGH PRO ISO『NAVY』,https://mortartokyo.thebase.in/items/36711286
NIKE SB ZOOM BLAZAR LOW GT ISO『NAVY』,https://mortartokyo.thebase.in/items/36710955
NIKE SB DUNK LOW PRO QS『FRAME』,https://mortartokyo.thebase.in/items/36743527
